{"assets/Abstract Paper.png":["assets/Abstract Paper.png"],"assets/BG1.jpg":["assets/BG1.jpg"],"assets/Curve_Line.png":["assets/Curve_Line.png"],"assets/app_icon.png":["assets/app_icon.png"],"assets/fonts/Cairo-SemiBold.ttf":["assets/fonts/Cairo-SemiBold.ttf"],"assets/fonts/HacenTunisia.ttf":["assets/fonts/HacenTunisia.ttf"],"assets/oil_station Bg.png":["assets/oil_station Bg.png"],"assets/oil_station_BG.png":["assets/oil_station_BG.png"],"packages/cupertino_icons/assets/CupertinoIcons.ttf":["packages/cupertino_icons/assets/CupertinoIcons.ttf"]}